|ГЛОССАРИЙ|
Русские термины|Английские термины|Марийские термины
Документы и параметры настройки|Documents and Settings|документ ден келыштарымаш параметр
стрелка вниз|drop-down arrow|ӱлыкыла умдо
Ввод|entry|пуртымаш
Интернациональные символы|International characters|тӱнямбал тиште
Анализ использования|usage analysis|кучылтмашым лончылымаш
Действительный XML|valid XML|йӧрышӧ XML
(диаграмма) с областями|Area Chart|(диаграмме) кундемла дене
[веб-] узел|Internet site|[веб] -кыл
[зависимый] переключатель|option button|чӱктыш-йӧртыш
1. громкость; 2. том|Volume|1. йӱк кугыт; 2. том
1. разрыв, прерывание 2. разорвать, прервать|Break|1. кӱрлмаш; 2. кӱрлаш
1. рисунок, картинка 2. образ|image|1. сӱрет; 2. сын
ASCII-знаки|ASCII|ASCII-тамга
XML-элемент|XML element|XML-элемент
абзац|paragraph|у корно
абсолютная ссылка|absolute reference|йалтакап кылвер
авто|auto|шке
автоархивация|AutoArchive|шкеоссерлымаш
автозамена|AutoCorrect|шкевашталтмаш
Автомасштаб|Auto Scale|шкекугыт
автоматизировать|automate|шкевуя ыштыкташ
автоматически (упорядочить значки)|Auto Arrange|шкевуя (тамгам радамлаш)
автоматический|automatic|шкевуя ыштыкташ
автоматическое обновление|automatic updating|шкевуя уэмдалтмаш
автоматическое обновление|automatic updating|шкевуя уэмдалтмаш
автономный|offline|шкевуя
автоподбор, подбор по размеру|AutoFit|шке погымаш, кугыт почеш погымаш
автор|author|автор
авторизация, проверка прав доступа|authorization|пураш лийме кертмыкым тергымаш
автосумма, автосуммирование|AutoSum|шкеушык, шке ушымаш
автотекст|AutoText|шкетекст
автофигуры|AutoShapes|шкефигур
автофильтр|AutoFilter|шкешокте
автоформа|AutoForm|шкеформо
автоформат (тж. автоматическое форматирование)|AutoFormat|шкекугыт (тг. шкекугытлымаш)
адаптер|Adapter|адаптер
администратор|administrator|виктарыше
администратор сети|network administrator|вот виктарыше
адрес|address|адрес
адрес гиперссылки|hyperlink address| гиперссылке адрес
адрес электронной почты|e-mail address|электрон почто адрес
адресная книга|address book|адрес книга
адресная строка|Address bar|адрес корно
активное окно|active window|почмо окна
активный|Active|почмо
активный документ|active document|почмо документ
активный объект|active object|почмо объект
алгоритм|algorithm|алгоритм
алфавитный|alphabetic|алфавит 
альбомная|Landscape|альбом
амперсанд|ampersand|амперсанд
анализ|Analyze|анализ
анимация|animation|тарванылмаш
анимация;  подвижный|animate; animated|тарванылше
анонимный|anonymous|лӱмдымӧ
антивирус|antivirus|вирус деч аралтыш
апостроф|apostrophe|апостроф
аргумент|argument|аргумент
архив|archive|оссер
архивировать|archiving|оссерлаш
атрибут|attribute|атрибут
аудио|Audio|аудио
база данных|database|чумыр пого
база данных Microsoft Access|Microsoft Access database|Microsoft Access чумыр пого
база данных Microsoft SQL Server|Microsoft SQL Server database|Microsoft SQL Server чумыр пого
байт|byte|байт
бегунок|scroll box|коштшо
бегунок|slider|коштшо
Бегущая строка|scrolling text|кайыше корно
Без имени|untitled|лӱмдымӧ
безопасность|security|лӱдыкшыдымылык
безопасный|secure|лӱдыкшыдымӧ
бета-версия|beta version|бета-версий
бибилиотека|library|книгагудо
библиотека документов|Document Library|документ кудо
библиотека типов|type library|тип кудо
бит|bit|бит
бит/с|bps|с/бит
бит/с, бод|baud|с/бит, бод
блок, блокировать|Block|тӱкылтыш, тӱкылаш
блокировка; блокировать, запирать|lock|тӱкылымаш, тӱкылаш 
блок-схема|flowchart|схеме-блок
боковая панель|sidebar|ӧрдыж оҥа
Боковые поверхности|Sides|ӧрдыж ӱмбал
броская цитата|pull quote|перныше цитат
брошюра|booklet|брошюр
буква диска|drive letter|диск буква
буквица|drop cap|шолдыра буква
бумага|paper|кагаз
буфер обмена|clipboard|вашталтыш буфер
Буфер обмена Office|Office Clipboard|Office вашталтыш буфер
быстрая установка|express installation|писын шындымаш
быстрая установка|express setup|писын шындымаш
быстрый|Fast|писе
быстрый просмотр|Quick View|писын ончымаш
В виде значка|Display as icon|тамга гай
В виде, отображать как, выводить как|Display as|... семын ончыкташ, …семын лукмаш
В границах окна|Wrap to window|окна чекыште
В поле|In field|аланыште
в точности|Exactly|лачымын
Важность|Importance|кӱлешлык
Варианты|Suggest|йӧн-влак
Вверх|Move Up|кӱшкӧ
ввести|enter|пурташ
ввод данных|Data Entry|данный-влакым пуртымаш
ввод-вывод|I/O (input/output)|пуртымаш-лукмаш
вводить|input|пурташ
"Веб (с заглавной буквы если используется отдельно, со строчной буквы если используется в составе сложных слов, например ""веб-страница"", ""веб-сервер"" и т.п.)"|web|веб
веб-компоненты|Web components|веб-ужаш-влак
веб-обсуждение|Web discussion|веб-каҥашымаш
веб-папка|Web folder|веб-папке
веб-справка|Web Help|веб-полыш
веб-страница|Web Page|веб-лышташ
веб-узел|Web site|веб-кыл
веб-часть|Web Part|веб-ужаш
ведение журнала|logging|журнал возымаш
вернуть|Redo |пӧртылташ
вернуться|Go Back|пӧртылаш
вернуться|return|пӧртылаш
вероятность|Probability|лийын кертмаш
версия|Version|версий
вертикальная надпись, вертикальный текст|Vertical Text|тура возыш
вертикальная полоса прокрутки|vertical scroll bar|кондыштарыме тура корно
вертикальный|Vertical|тура
верх, верхний|Top|кӱшыл
верхний колонтитул|header|кӱшыл колонтитул
верхний колонтитул|page header|кӱшыл колонтитул
вес, толщина|Weight|нелыт, кÿжгыт
Вид|View|сын
вид кнопки|button image|кнопко сын
Вид обзора|Browse View|обзор сын
видео|video|видео
видеоадаптер|video adapter|видеоадаптер 
видимый|visible|койшо
виртуальный|virtual|кончышо
виртуальный сервер|virtual server|кончышо сервер
вирус|virus|вирус
Вкл|On|чӱкташ
вкладка|tab|ешартыш, уштартыш
Вкладка свойств|property sheet|палык ешартыш
включить|Enable|чӱкташ
включить|turn on|чӱкташ
"владелец (обычно исп. Перевод ""стать владельцем"", определить владельца"" и т.п., дословный перевод не используется."|owner|оза
"владелец (обычно исп. Перевод ""стать владельцем"", определить владельца"" и т.п., дословный перевод не используется."|ownership|оза
влиять|affect|овыраш
вложение|attachment|ешартыш
вложенное меню|child menu|иге меню
вложенное меню|submenu|иге меню
вложить|Attach|ешараш (пышташ)
внедренная ссылка|embedded hyperlink|шыҥдарыме кылвер
внедренный объект|embedded object|шыҥдарыме объект
внедрить (объект)|embed|(объектым) шыҥдараш
внешние данные|external data|тӱжвал пого
внешний|external|тӱжвал
Вниз|Down|ӱлыкӧ
Вниз|Down|ӱлыкӧ
Вниз|move down|ӱлыкӧ
Внимание!|Attention|тӱткӧ лийза!
Внимание!|Attention|тӱткӧ лийза!
внутренний модем|internal modem|кӧргӧ модем
во весь экран, в полноэкранном режиме|Full screen|уло экранлан, уло экран дене
водяной знак, подложка, филигрань|watermark|вÿд тамга, филигрань
регистрация|check In|возалтмаш
||
возможность|feature|йӧн
войти|log on|пураш
войти|login|пураш
войти в сеть|log on to the network|вотыш пураш
Вокруг|Around|йыр
вопросительный знак|question mark|йодыш пале
Вопросы и ответы|FAQ|йодыш ден вашмут-влак
Вопросы и ответы|frequently asked questions|йодыш-вашмут
вопросы и ответы|questions and answers|йодыш ден вашмут-влак
восклицательный знак|exclamation point|кычкыралтыш пале
Воспроизведение|Play|угыч колтымаш
восстановить|recover|мӧҥгештараш
восстановить|Restore|мӧҥгештараш
восстановить|Undelete|мӧҥгештараш
восстановление документа|document recovery|документым мӧҥгештарымаш
Вписать в окно|Fit to Window|окналан келыштараш
вписывание текста, вписать текст|Fit text|текстым возымаш, текстым  возаш
временный|Temporary|жаплан ыштыме
время|Time|жап
время выполнения, продолжительность выполнения|run-time|ыштыме жап
Время начала|Start time|тӱҥалме жап
время окончания|End time|пытарыме жап
вручную|Manual|кид дене
Все|All|чыла
Все окна|More Windows|чыла окна
все поля|All fields|чыла алан
Все программы|All Programs|чыла программе
Все программы|All Programs|чыла программе
все прописные|all caps|чыла буква кугу
все элементы, все объекты|All items|чыла элемент, чыла объект
всего, итог|Total|чылаже
всплывающая подсказка|ScreenTip|лекше каҥаш
всплывающее окно|pop-up window|лекше окна
вставить|Paste|шындаш
вставить ссылку|Paste Link|ссылкым шындаш
вставить ярлык|Paste Shortcut|сынтамгам шындаш
Вставка|Insert|шындымаш
вставка данных|Insert Data|данный-влакым шындымаш
Вставка файла|Insert File|Файлым шындымаш
вставка, наложить поверх|overstrike|шындымаш, ӱмбак шындымаш
встреча|appointment|вашлиймаш
встроенный|built-in|пуртен шындыме
встроенный|inline|пуртен шындыме
встроенный рисунок|inline image|пуртымо сӱрет
Вся сеть|Entire Network|пӱтынь вот
вторичное окно|secondary window|кокымшо окна
входящее сообщение|incoming message|пурышо серыш
Входящие|inbox|пурышо
выбор|selector|ойырымаш
выборочная установка|custom installation|ойыркален шындымаш
выборочная установка|custom setup|ойыркален шындымаш
выбранная команда|selected command|ойырымо кӱштымаш
выбрать|choose|ойыраш
выбрать|pick|ойыраш
выбрать команду|select a command|кӱштымашым ойыраш
выбрать меню|select a menu|менюм ойыраш
выбрать переключатель|select an option button|чӱктыш-йӧртышым ойыраш
выбрать поле со списком|select a list box|лӱмеран аланым ойыраш
Выбрать шрифт|Choose Font|шрифтым ойыраш
вывод на экран|echo|экраныш лукмаш
выдача|handout|пуэдымаш
выделение|highlighter|палемдымаш
выделенная команда|highlighted command|палемдыме кӱштымаш
выделенный участок|selection|палемдыме вер
выделенный, выбранный|selected|палемдыме, ойырымо
выделить|allocate|палемдаш
выделить|highlight|палемдаш
Выделить все|Select All|чыла палемдаш
выделить участок текста|select a block of text|текст ужашым палемдаш
выделить участок текста|select a block of text|текст ужашым палемдаш
выделить, выбрать|select|палемдаш, ойыраш
вызов через Интернет, связь через Интернет|Internet Call|Интернет гоч ӱжмаш, Интернет кыл
выйти|quit|лекташ
выйти из сети|log off from the network|вот гыч лекташ
Выкл|Off|йӧрташ
выключить|Turn Off|йӧрташ
выключить звук|mute|йӱкым йӧрташ
выноска|balloon|лукмаш
выноска|callout|лукмаш
выноска|line callout|лукмаш
выполнение, исполнение|execution|шуктымаш
выполнить действие|carry out an action|действийым шукташ
выполнять управление, выполнять администрирование чем-либо|administer|виктараш
выполнить, исполнить|execute|ышташ
выпуск для малого бизнеса|Small Business edition|изи бизнеслан савыктыш
выравнивание|Alignment|тӧремдымаш
выравнивание|justification|тӧремдымаш
выравнивание по вертикали|vertical alignment|туран тӧремдымаш
выравнивание текста|Text alignment|текстым тӧремдымаш
выражение|expression|ончыктымаш
выражение|statement|пеҥгыдемдыш
вырезать|cut|пӱчкаш
вырезать и вставить|cut-and-paste|пӱчкаш да шындаш
выровнять|align|тӧремдаш
выровнять по сетке|Align to Grid|сетке дене тӧремдаш
выровнять по ширине|Justify|лопкыт дене тӧремдаш
Высокая|Max|кӱкшӧ
Высокая важность|high priority|кугу кӱлешлык
высокий|High|кӱкшӧ
высокое разрешение|high resolution|сай кертмашан
высота|Height|кӱкшыт
Выстроить значки|Line up Icons|тамгам радамлаш
Выступ|hanging indent|лектын шогымаш
выступ|negative indent|лектын шогымаш
выход|Exit|лекмаш
выходные данные|output|лектыш увер
Вычисление|evaluation|шотлымаш
Вычислить|Evaluate|шотлен лукташ
вычисляемый элемент|calculated Item|шотлымо элемент
галочка|check mark|кадырик
гигабайт|gigabyte|гигабайт
гиперссылка|hyperlink|гиперссылке
гистограмма|Column Chart|гистограмме
глава|chapter|ужаш
главная страница|master page|тӱҥ лышташ
главный [компьютер]|host|тӱҥ (компьютер)
главный документ|master document|тӱҥ документ
глоссарий|glossary|глоссарий
глубина|Depth|келгыт
Говорю по телефону|On the Phone|телефон дене кутырем
год|Year|ий
годовщина|anniversary|идалык
голубой|cyan|пелганде
горизонтальная полоса прокрутки|horizontal scroll bar|кондыштарыме тореш корно
горизонтальный, по горизонтали|horizontal|тореш, торешын
город|City|ола
Готово|Finish|ямде
градиент|gradient|градиент
Грамматика|grammar|грамматика
граница|Border|чек
граница|border|чек
граница|boundary|чек
граница окна|window border|окна чек
график|Graph|график
график|line chart|график
графический|graphic|график
графический|graphics|график
Графический объект|drawing object|график объект
графический фильтр|graphic filter|график шокте
громкоговоритель|loudspeaker|йӱккугемдыш
громкоговоритель, динамик|Speaker|йӱккугемдыш, динамик
группа|group|тӱшка
группа новостей|newsgroup|увер тӱшка
Группа переключателей|option group|чӱктыш-йӧртыш тӱшка
Группировка|group by|тӱшка
группировка|grouping|тӱшкалымаш
групповой элемент|group item|тӱшка элемент
да|Yes|туге
да для всех|Yes To All|чылалан туге
Далее|Next|умбакыже
данные XML|XML data|XML данный-влак
данные, сведения|data|данный-влак, увер-влак
дата|Date|дате
Дата создания (используется в интерфейсе Windows)|by Date|ыштыме жап
Дата создания (используется в интерфейсе Windows)|by Date|ыштыме жап
дважды щелкнуть, двойной щелчок|double-click|кок гана темдалаш, кок гана темдалмаш
двоеточие|colon|кокточко
двоичный|binary|мужыран
двойное подчеркивание|double underline|кок гана удыралмаш
двунаправленное письмо|bi-directional language|кок велыш возымо серыш
двухбайтный знак|double byte character|кок байтан тамга
двухбайтный шрифт|double-byte font|кок байтан шрифт
двухмерный|two-dimensional|кок висышан
девиз|tag line|виктарыше ой
действие|action|ыштымаш
действие|operation|ыштымаш
декодирование|decoding|кодым вашталтымаш (почмаш)
Делегирование|delegate|ӱшанен пуымаш
деления|tick marks|шеледымаш
делить|Divide|шеледаш
демонстрация|Demo|ончыктымаш
день|Day|кече
день рождения|Birthday|шочмо кече
дерево|tree|пушеҥге
десятичная дробь|decimal numbers|луан дробь
десятичный разделитель|decimal separator|луан ойыркалыше
джойстик|joystick|джостик
диагональ|Diagonal|диагональ
диаграмма|bar chart|диаграмме
диаграмма|chart|диаграмме
диаграмма по умолчанию|default chart|пеҥгыдемдыме семын диаграмме
диакритические знаки|diacritics|йӱк ойыртем тамга
диалоговое окно|dialog|мутланыме окна
диалоговое окно|dialog box|мутланыме окна
диапазон|range|кумдык
диапазон данных|data range|пого кумдык
Диафильм|Filmstrip|диафильм
Диктовка|dictation|шӱдымаш
диск|disc|диск
диск|disk|диск
дискета, гибкий диск|floppy disk|дискет, лывырге диск
дисковый накопитель (общий термин), дисковод (только для дискет)|disk drive|диск вер, дискет вер
Дисперсия|variance|дисперсий
диспетчер|Manager|диспетчер
дисплей|Display|дисплей
длина|Length|кужыт
длинное тире|em dash|кужу тире
длительность|Duration|кужык
для чтения и записи|read-write|лудаш-возаш
до, перед, ранее|Before|ончыч
добавить|add|ешараш
добавить новый|Add new|ум ешараш
добавить рисунок|Add Picture|сÿретым ешараш
добавить файл|Add File|файлым ешараш
добавить файл|Add File|файлым ешараш
доверие|trust|ӱшан
документ|document|документ
документ Office|Office Document|Offic документ
Должность|Job Title|сомылвер
домашний|home|мӧҥгысӧ
домашний телефон|home phone|мӧҥгысӧ телефон
домашняя страница|home page|мӧҥгысӧ лышташ
домен|domain|домен
дополнительная клавиатура, цифровая клавиатура|keypad|ешартыш полдышоҥа, цифран полдышоҥа
Дополнительно|Advanced|ешарен
Дополнительно|More|ешарен
Дополнительно|optional|ешартыш
Дополнительные|user-defined|ешартыш
Дополнительные сведения|Tell Me More|ешартыш увер
Дополнительные цвета|More Colors|ешартыш тӱс
дополнительный|supplemental|ешарыме
допустимый|valid|келшаш лийше
дорожка|Track|корно
доска обсуждений|discussion board|каҥашымаш оҥа
доступ|access|пураш лиймаш
доступ|access|пураш лиймаш
Доступ|Sharing|пуртык
дочерний веб-узел|subweb|иге веб-кыл
драйвер|Driver|драйвер
драйвер принтера|printer driver|принтер драйвер
драйвер устройства|device driver|йӧнештыш драйвер
древовидная структура|tree structure|пушеҥге сынан чоҥалтмаш
дробная черта|division line|дробь кореш
дробные числа|fractional numbers|дробан числа
дробь (матем.), часть (общ.)|fraction|дробь (матем.), ужаш (общ.)
друг другу, друг с другом и т.п.|Each other|икте-весылан, икте-весе ден да т.м.
Другие места|Other Places|вес вер-влак
Другие подробности|More Details|вес лончык-влак
Другое|Other|весе
дубликат|Duplicate|дубликат
дуга|arc|пӱгӧ
единица|unit|кугыт
единица измерения|unit of measurement|висыме кугыт
ежедневно|Daily|кече еда
еженедельно|Weekly|арня еда
видимый|visual|койшо
ждать, ожидать|Wait|вучаш
Ждущий режим|Stand by|вучымо режим
жесткий диск|fixed disk|пеҥгыде диск
жирный|Bold|кӱжгӧ
Журнал|history|журнал
журнал|journal|журнал
журнал|log|журнал
журнал ошибок|error log|йоҥылышлан журнал
Завершение работы|Shut Down|пашам мучашлымаш
Завершение работы|shutdown|пашам мучашлымаш
Завершение сеанса|Log Off|сеансым мучашлымаш
Заголовок|caption|вуймут
заголовок|heading|вуймут
Заголовок|title text|вуймут
Заголовок (используется в интерфейсе Windows)|by Title|вуймут
заголовок меню|menu title|меню вуймут
заголовок окна|dialog box title|окна вуймут
заголовок окна|title bar|окна вуймут
заголовок окна|window title|окна вуймут
заголовок сообщения|message header|серыш вуймут
заголовок столбца|column heading|турарадам вуймут
Загрузите бесплатно!|Free Stuff|яра пуртыза!
загрузить|boot|пышташ
загрузить|Download|пышташ
загрузить|load|пышташ
загрузить|upload|пышташ
загрузочный диск|boot disk|пуртымо диск
загрузочный диск|boot drive|пуртымо диск
Задание|Job|шӱдымаш
задание печати|print job|савыкташ шӱдымаш
задача|Task|сомыл
задачи|Tasks|сомыл-влак
Задачи для файлов и папок|File and Folder Tasks|файл ден папкылан сомыл-влак
Задержка|Delay|кучалтмаш
зазор|Gap|ло
закладка|bookmark|пыштыме пале
заключить|enclose|пеленлаш
закрепить|dock|чоткыдемдаш
закрепить, заморозить|freeze|чарен шогалташ
закрепленная панель инструментов|docked toolbar|келыштарыме ӱзгар оҥа
закрытие|Closing|петырымаш
закрыть|Close|петыраш
Закрыть|Close Find|петыраш
закрыть все|Close All|чыла петыраш
заливка|fill|чиялтымаш
Заливка|Shading|чиялтымаш
заменить|overtype|алмашташ
заменить|replace|алмашташ
заменить все|Change All|чыла алмашташ
Заметка|Note|пале
заметки о выпуске|release notes|лукмо пале
замещающий текст|alternative text|алмаштыше текст
замкнутая ссылка|loop|оҥго ссылке
замостить|Tile|кӱварлаш
занят|busy|ок ярсе
записать|record|возаш
Записки|memo|изи серыш
записывать|write|возаш
запись журнала|journal entry|журналым возымаш
запланировать|schedule|ончыклаш
Заполненный эллипс|Filled Ellipse|темыме эллипс
руководитель|leader|вуйлатыше
заполнитель|placeholder|темыш
запрос|query|йодмаш
запуск, загрузка|Startup|колтымаш
запускать|launch|колташ
запускать|start|колташ
запустить|originate|колташ
запустить|run|колташ
запустить|Run|колташ
запятая|comma|запятой
заранее определенный|predefined|ончылгоч палемдыме
зарегистрированный пользователь|registered user|возалтше пайдаланыше
зарегистрированный товарный знак|registered trademark|пеҥгыдемдыме сату тамга
зарегистрировать|register|возыкташ
застревание бумаги|paper jam|кагаз пижмаш
застряла (бумага)|jammed|(кагаз) пижын
затем по|Then by|вараже
затемнять|Dim|ӱмылаҥдаш
зачеркнутый, вычеркнутый|Strikeout|удырал кудалтыме
зачеркнутый|strikethrough|удыралме
Защита|Protection|аралтыш
защита от вирусов|virus protection|вирус деч аралтыш
защита паролем, парольная защита|password protection|шолыпмутан аралтыш
защитить|protect|аралаш
защищен от записи|write-protected|возымаш деч аралыме
заявление об отказе|disclaimer|шӧрымашан вашмут
звездочка|asterisk|шӱдыр
звонок, вызов|call|йыҥгыр, ÿжыктымаш
звук|Sound|йӱк
звук|sound clip|йӱк
звуковая плата|sound card|йӱк карте
звуковой сигнал|beep|шижтарыше йӱк
зеленый|Green|ужарге
зимнее время|standard time|теле жап
"знак ""@"""|at sign|"""@"" тамга"
"знак ""больше или равно"""|greater-than sign|"""шукырак але лач"" тамга"
"знак ""меньше"""|less-than sign|"""шагалрак"" тамга"
знак абзаца|paragraph mark|у корно тамга
знак авторского права|copyright symbol|автор права тамга
знак градуса|degree symbol|градус тамга
знак доллара|dollar sign|доллар тамга
знак конца раздела|section symbol|ужаш мучаш тамга
знак крышки|caret|петыртыш тамга
Знак ''минус''|minus sign|"""кудалтымаш"" тамга"
Знак номера|number sign|номер тамга
"знак ""плюс"""|plus sign|"""ушымаш"" тамга"
знак процента|percent sign|процент тамга
знак равенства|Equal Sign|иктӧрлык тамга
знак табуляции|Tab Character|табуляций тамга
знак, символ|character|тамга, тиште
показать значение|Show value|ыҥым ончыкташ
значение|Value|ыҥ
значение [по оси] X, значение по горизонтали|X Value|X -ын ыҥже, торешын ыҥже
значение [по оси] Y, значение по вертикали|Y Value|Y-ын ыҥже, туран ыҥже
значение по умолчанию|default value|пеҥгыдемдыме семын ыҥ
значение поля|field value|алан ыҥ
значение столбца|Column Value|турарадамын ыҥже
значок|icon|тамга
значок диска|disk icon|диск тамга
значок диска|drive icon|диск тамга
значок документа|document icon|документ тамга
значок кнопки|button icon|кнопко тамга
значок папки|folder icon|папке тамга
значок программы|program icon|программе тамга
значок ярлыка|shortcut icon|сын тамга
зона|Zone|авырыме вер
ИВТ|OEM manufacturer|ИВТ
игра|game|модыш
идентификатор|ID|идентификатор
идентификатор|identifier|идентификатор
Из документа|Link to Content|документ гыч
Из файла|From File|файл гыч
избранное|favorite|ойырен налме
извлечение|check out|лукмаш
извлечение|Check-out|лукмаш
извлечь|Extract|лукташ
извлечь|retrieve|лукташ
Изменен (используется в интерфейсе Windows)|By Modified|вашталтыме
Изменено|Last Modified|вашталтыме
изменить|alter|вашталташ
Изменить|modify|вашталташ
Изменить гиперссылку, Изменение гиперссылки|Edit Hyperlink|гиперссылкым вашталташ
Изменить правила доверия|Edit Trust|ӱшан правилым вашталташ
изменить размер|resize|кугытым вашталташ
Изменить ряд|Edit Series|радамым вашталташ
Изменить текст|Edit Text|текстым вашталташ
изменить, заменить|Change|вашталташ, алмашташ
изменяемого размера|sizable|вашталтыме кугытын
измерение, величина, размер|measurement|висымаш, кугыт
измерять|measure|висаш
изолированный, отдельный|standalone|посна ойырымо
Изменить рисунок, Изменение рисунка|Edit Picture|сӱретым вашталташ, сӱретым вашталтымаш
импорт|import|импорт
Импорт данных|Import Data|уверым пуртымаш
Импортирован|Imported|пуртымо
Импортирование из|Import from|гыч пуртымаш
Имя|First Name|лӱм
Имя|Name box|лӱм
Имя|Named|лӱм
имя|Personal Name|лӱм
По имени (используется в интерфейсе Windows)|by Name|лӱм дене
имя общего ресурса, тж. сетевое имя|Share name|вот лӱм
Имя отправителя|Sender Name|колтышын лӱмжӧ
имя папки|Folder Name|папке лӱм
имя пользователя|User name|пайдаланышын лӱмжӧ
имя поля|field name|алан лӱм
Имя ряда|Series name|радам лӱм
имя файла|File name|файл лӱм
имя файла|Filename|файл лӱм
имя формы|Form name|формо лӱм
индикатор|indicator|индикатор
Индикатор хода выполнения|progress indicator|шуктымо радам индикатор
инициализировать|initialize|инициалым пуаш
Инициалы|Initials|инициал
инструкция|instruction|инструкций
интерактивный|interactive|вашкылан
Интернет|Internet|интернет
Интернет|World Wide Web|интернет
интерфейс|interface|интерфейс
интрасеть|intranet|интравот
инфракрасный|infrared|инфрайошкар(ге)
искать|look up|кычалаш
исключение|Exception|поснаҥдыш
исполняемый файл|executable program|шуктен шогымо файл
использовать по умолчанию|use as default|пеҥгыдемдыме семын кучылташ
использовать цифровую подпись|digitally sign|цифран кидпалым кучылташ
Исправить|repair|тӧрлаташ
исправление|Correction|тӧрлатымаш
исправление|patch|тӧрлатымаш
исправление|tracked change|тӧрлатымаш
Исправления|track changes|тӧрлатымаш-влак
истинный размер, фактический размер|Actual Size|шкенжын кугытшо, чын кугытшо
Показать исходный код|View Source|Тӱҥалтыш верым ончыкташ
источник бумаги|Paper Source|кагаз вер
источник данных|data source|пого вер
источник записей|record source|возымаш вер
источник; исходное; В виде HTML|Source|тӱҥалтыш
исходные данные|source data|тӱҥалтыш данный
Исходный|original|тӱҥалтыш
исходный программный код|source code|тӱҥалтыш программе код
исходный файл|source file|тӱҥалтыш файл
исходящее сообщение|outgoing message|колтымо серыш
Исходящие|outbox|колтымо 
итерация, цикл|iteration|итераций, цикл
К исполнению|Follow Up|шукташлан
кавычка|quotation mark|кавычке
"кавычка ""елочка"""|chevron|"""кож"" кавычке"
"кавычки ""лапки"""|curly quotes|" ""чапа"" кавычке"
каждый|Every |кажне
календарь|Calendar|кечышот
Календарь|Calendar type|кечышот сынан
калькулятор|Calculator|калькулятор
камера|Camera|камер
карниз|marquee|карниз
картинки|clip art|сӱрет-влак
катакана|Katakana|катакана
каталог|Catalog|каталог
каталог, справочник|directory|полшык
категория|category|категорий
качество изображения текста|readability|текст сӱретын сайлыкше
КБ|KB|КБ
квадратные скобки|brackets|квадрат скобко
квадратные скобки|square brackets|квадрат скобко
кернинг|kerning|кернинг
клавиатура|Keyboard|полдышоҥа
клавиша ALT|ALT key|ALT полдыш
клавиша BACKSPACE|BACKSPACE key|BACKSPACE полдыш
клавиша BREAK|BREAK key|BREAK полдыш
клавиша CAPS LOCK|CAPS LOCK key|CAPS LOCK полдыш
клавиша CTRL|CTRL key|CTRL полдыш
клавиша DEL|DEL key|DEL полдыш
клавиша END|END key|END полдыш
клавиша ESC|ESC key|ESC полдыш
клавиша HOME|HOME key|HOME полдыш
клавиша INSERT|INSERT key|INSERT полдыш
клавиша NUM LOCK|NUM LOCK key|NUM LOCK полдыш
клавиша PAGE DOWN|PAGE DOWN key|PAGE DOWN полдыш
клавиша PAGE UP|PAGE UP key|PAGE UP полдыш
клавиша PAUSE|PAUSE key|PAUSE полдыш
клавиша PRINT SCREEN|PRINT SCRN key|PRINT SCREEN полдыш
клавиша SCROLL LOCK|SCROLL LOCK key|SCROLL LOCK полдыш
клавиша SHIFT|SHIFT key|SHIFT полдыш
клавиша TAB|TAB key|TAB полдыш
клавиша быстрого вызова|accelerator key|вашке ӱжмӧ полдыш
клавиша быстрого доступа|hotkey|вашке полдыш
клавиша ENTER|ENTER key|ENTER полдыш
клавиша доступа|access key|пуртык полдыш
клавиши Ctrl, Shift и Alt|modifier key|Ctrl, Shift да Alt полдыш-влак
клавиши со стрелками|arrow keys|умдан полдыш
клавиши со стрелками|cursor keys|умдан полдыш
клавиши со стрелками|direction keys|умдан полдыш
класс|class|тӱшка
класс содержания, класс содержимого|content class|кӧргӧ тӱшка
Класс сообщения|Message Class|увер тӱшка
Классификация|Classification|тӱшкалымаш
клиент|client|клиент
клип|clip|клип
ключ|Key|сравоч
ключ|Key|сравоч
Ключ легенды|Legend key|легенде сравоч
ключ продукта|CD Key|лектыш сравоч
ключ продукта|Product key|лектыш сравоч
ключевое слово|keyword|тӱҥмут
книга|workbook|книга
книжная|portrait|книга
кнопка|button|кнопко
кнопка|command button|кнопко
Кнопка|Push Button|кнопко
"кнопка ""Восстановить"""|Restore button|"""Мӧҥгештараш"" кнопко"
"кнопка ""Закрыть"""|close button|"""Петыраш"" кнопко"
"кнопка ""Полужирный"""|bold button|"""Пелегӱжгӧ"" кнопко"
"кнопка ""Пуск"""|Start button|"""Колташ"" кнопко"
"кнопка ""Свернуть"""|Minimize button|"""Шылташ"" кнопко"
"кнопка ""Справка"""|help button|"""Полыш"" кнопко"
кнопка меню|menu button|меню кнопко
кнопка мыши|mouse button|коля кнопко
кнопка панели задач|taskbar button|сомыл оҥа кнопко
кнопка панели инструментов|toolbar button|ӱзгар оҥа кнопко
кнопка панели инструментов|toolbar icon|ӱзгар оҥа кнопко
кнопка по умолчанию|default button|пеҥгыдемдыме семын кнопко
кнопка поля|field button|алан кнопко
кнопка просмотра|view button|ончымо кнопко
кнопки выравнивания|alignment buttons|тӧремдыме кнопко-влак
кнопки по месту|in-place buttons|верысе кнопко
кнопки форматирования|formatting buttons|форматироватлыме кнопко-влак
кнопочная панель|button bar|кнопко оҥа
Код|Code|код
код города|Area code|ола код
код подтверждения|Confirmation ID|пеҥгыдемдыме код
код поля|field code|алан код
код продукта|Product ID|лектыш код
код страны|country code|эл код 
Код установки|Installation ID|шындыме код
кодировка|Encoding|кодировко
кодовая страница|code page|код лышташ
колокольчик|Bell|оҥгыр
кольцевая (диаграмма)|Doughnut|тыртыш (диаграмме)
Команда|command|кӱштымаш
Команда|verb|кӱштымаш
Команда перехода|Navigation|куснаш кӱштымаш
командная строка|command line|кӱштымаш корно
Комната|office|пӧлем
компакт-диск|CD|компакт-диск
компакт-диск|CD-ROM|компакт-диск
компиллировать|compile|чумыраш
компонент|component|ужаш
компьютер|computer|компьютер
конверты|Envelopes|калта
конец|End |мучаш
конец строки|line break|корно мучаш
конечный пользователь|end user|пытартыш пайдаланыше
конструктор|designer|конструктор
конструктор, режим конструктора, представление конструктора|Design view|конструктор, конструктор режим, конструктор ончыктымаш
Контактное лицо|Contact|кыл еҥ
контекст|context|контекст
контекстная справка|context-sensitive help|контекст полыш
Контекстное меню|shortcut menu|контекст меню
контекстное меню, всплывающее меню|pop-up menu|контекст меню, лекше меню
контекстный|context-sensitive|контекст
контраст|contrast|контраст
конфигурация|configuration|конфигураций
конфигурация системы|system configuration|системе конфигураций
конфиденциальность|privacy|шкелык
конфликт|conflict|конфликт
концевая сноска|endnote|мучаш сноско
координата|coordinate|координат
копировать, копия|Copy|копийым ышташ, копий
копировать, копия|Copy|копийым ышташ, копий
Копия|CC|копий
Корзина|recycle bin|комдо
коридор колебания, интервал колебания, мини-макс линии|high-low lines|кӱшыл-ӱлыл корно
корневая папка|root directory|тӱҥ папке
корневая папка|root folder|тӱҥ папке
корневой веб-узел|root web|тӱҥ веб-кыл
короткое тире|en dash|кӱчык кореш
корпоративный, тж. Служебный|Corporate|корпораций
косая черта|forward slash|йожек тоя
косая черта|slash|йожек тоя
кредитная карта, банковская карта|credit card|кредит карте, банк карте
крестик|cross|ырес
крестообразная стрелка|four-headed arrow|ыресла умдо
Кривая|curve|кадыр
критическая ошибка|critical error|лӱдыкшӧ йоҥылыш
круг|circle|тыртыш
круглая скобка|parenthesis|йыргешке скобко
Круговая|Pie|йыргешке
круговая (диаграмма)|Pie Chart|йыр (диаграмме)
крупнее|zoom in|шолдыранрак
крупный значок|Large Icon|шолдыра тамга
куб|cube|куб
куб OLAP|OLAP| OLAP куб
курсив|Italic|йожек
курсор|cursor|курсор
кэш|cache|кэш
ЛВС (локальная сеть, локальная вычислительная сеть)|LAN (Local Area Network)|верысе вот, верысе шотлымо вот
левая кнопка мыши|left mouse button| колян шола кнопко
лево, левый|Left|шола
легенда|legend|легенде
Лента|Ribbon|тасма
лепестковая (диаграмма)|Radar|лышташан (диаграмме)
летнее время|daylight time|кеҥеж жап
линейка прокрутки|scroll bar|кондыштарыме линейка
линейный|Linear|корнан
линии проекции|drop lines|проекций корно
Линии ряда|series lines|радам корно
линия тренда|trendline|тренд корно
Лист|sheet|лаштык
лист|spreadsheet|лаштык
лист|worksheet|лаштык
лицевой стороной вверх|face up|мелын кӱшкӧ
лицевой стороной вниз|face down|мелын ӱлыкӧ
лицензионное соглашение|end user license|лицензиян ойпидыш
лицензионное соглашение|license agreement|лицнензиян ойпидыш
личные сведения|personal information|шке нерген увер
логарифм|logarithm|логарифм
логический|boolean|логика почеш
логический|logical|логика почеш
Локальная сеть|local network|верысе вот
ломаная линия|jagged line|лыкын-лукын корно
лоток|paper bin|тагына
любой знак|Any Character|кеч-могай тамга
макет, верстка|layout|калып
макетная таблица|layout table|калып таблице
макровирус|macro virus|кугу вирус
макрос|macro|макрос
малые прописные|small capitals|тыгыде кугу
маркер|bullet|маркер
маркер|bullet character|маркер
маркер|handle|маркер
маркер|marker|маркер
маркер|token|маркер
маркер изменения размера|sizing handle|кугыт вашталтыме маркер
маркер разделения|split box|шеледыме маркер
маркированный список|bulleted list|палан лӱмер
маршрутизатор|router|колтен шогышо
маска|mask|маске
массив, набор|array|тӱшка, погымаш
мастер|wizard|мастар
мастер активации Microsoft Office|Microsoft Office Activation Wizard|Microsoft Office колтышо мастар 
мастер диаграмм|Chart Wizard|диаграмме мастар
мастер ответов|Answer Wizard|вашмут мастар
мастер преобразования в формат SQL Server|Upsizing Wizard|SQL Server форматыш кусарыше мастар
масштаб|Scale|масштаб
масштабируемый|scalable|масштабым кугемдыше
масштабная линейка|ruler|масштаб линейка
Матовая|matte|йылгыждыме
матрица|matrix|матрица
МБ|MB|МБ
медленный|Slow|эркын
межзнаковый пробел|character spacing|тамга кокла
межстрочный интервал|line spacing|корно кокла
мельче|zoom out|тыгыдынрак
менее, меньше|less|шагалрак
меню контроля|control menu|тергыше меню
меню|menu|меню
"меню ""Пуск"", главное меню"|Start menu|" ""Колташ"" меню, тӱҥ меню"
Место в сети|network location|вотышто вер
место на диске|disk space|дискыште вер
метафайл|metafile|метафайл
метка|Label|пале
метка|Mark|пале
метод|method|йӧн
микропроцессор|microprocessor|микропроцессор
многоточие|ellipsis|кум точко
многоугольник|Polygon|шукылук
многоязыковой|multilingual|шукыйылман
модель|model|модель
модем|modem|модем
модуль|module|модуль
Модуль политик|Policy Module|политик модуль
Мои документы|My Documents|Мыйын документем
Мои рисунки|My Pictures|Мыйын сӱретем
Мой компьютер|My Computer|Мыйын компьютерем
монитор|monitor|монитор
монопольный|exclusive|монопольный
Моя музыка|My Music|Мыйын семем
мультимедиа|multimedia|мультимедий
мышь|mouse|коля
Мягкий перенос|optional hyphen|куштылго куснымаш
Н/Д|n/a|пуртык деч посна
На передний план|Bring To Front|ончыл верыш
набор записей|recordset|возыш пого
набор рамок|frameset|рамке пого
набор символов|character set|тиште пого
набор элементов управления|toolbox|виктарыме элемент пого
набор, коллекция, семейство|collection|пого
набрать номер|Dial|номерым погаш
надстройка|add-оn|ешартыш программе
надстрочный|superscript|корно ӱмбалсе
нажать|press|темдалаш
нажать и удерживать кнопку мыши|press and hold a mouse button|коля кнопкым темдалаш да кучаш
нажать клавишу|press a key|полдышым темдалаш
назад|Back|шеҥгек
назад|backward|шеҥгек
название диаграммы|Chart title|диаграмме лӱм
название категории|category name|категорий лӱм
Название меню|menu name|меню лӱм
название стиля|style name|стиль лӱм
Название шрифта|font name|шрифт лӱм
название, имя|name|лӱм
назначение|destination|шонымаш вер
Назначение|Merge to|шонымаш вер
назначения, конечный|target|шонымаш
назначения, конечный|target|шонымаш
назначено|Assigned to|шогалташ
назначить|assign|шогалташ
найти|Find|муаш
найти далее|Find Next|умбакыже кычалаш
Найти и восстановить|Detect and repair|муаш да мӧҥгештараш
Найти принтер|Find Printer|принтерым муаш
найти файл|Find File|файлым муаш
Найти, Поиск, Начать поиск|Find Now|муаш, кычалмаш, кычалаш тӱҥалаш
накопитель|storage|погымо вер
накопитель (общий термин), дисковод (только для дискет)|Drive|погымо вер, дискет вер
наладонный компьютер|palmtop|копавундаш компьютер
Напоминание|reminder|ушештарымаш
направление|direction|виктыш
направление текста|Text direction|текст виктыш
направляющие|guides|вӱдышӧ-влак
настольная издательская система|desktop publishing program|ӱстембал савыктыш системе
настольный компьютер|desktop computer|ӱстембал компьютер
настраиваемая|customizable|келыштарыме
настраиваемый, пользовательский, изменяемый, выборочный|custom|келыштарыме, пайдаланыме, вашталтыме, ойырымо
Настроить|Configure|келыштараш
настроить|Customize|келыштараш
настройка|preference|келыштарымаш
настройка, значение|Setting|келыштарымаш
настройки|preferences|келыштарыш-влак
начальная страница|start page|тӱҥалтыш лышташ
начальный, в начале (пробел)|leading|тӱҥалтыш, тӱҥалтыште (кокла)
Начертание|font style|тӱжвал сын
не более|At most|(деч) шуко огыл
не менее|At least|(деч) шагал огыл
Не производится|no wrap|ок ышталт
неактивное окно|inactive window|почдымо окна
неактивный|inactive|почдымо
неверный|incorrect|чын огыл
неверный|invalid|чын огыл
невидимый|invisible|койдымо
Недавние документы|My Recent Documents|шукертсе огыл документ-влак
недоступная команда|dimmed command|пураш лийдыме команде
недоступная команда|grayed command|пураш лийдыме команде
недоступная команда|unavailable command|пураш лийдыме команде
недоступный|unavailable|пураш лийдыме
Нежелательная почта|Junk Mail|кӱлдымӧ почто
непечатаемый знак|nonprinting character|возалтдыме тамга
неповторяющийся, уникальный|unique|ушештаралтше огыл, шкешотан
неправильный|bad|чын огыл
непрерывный|Continuous|кӱрылтдымӧ
неразрывный дефис|non-breaking hyphen|кӱрылтдымӧ кореш
неразрывный пробел|non-breaking space|кӱрылтдымӧ кокла
несвязное выделение|multiple selection|ушалтдыме палемдымаш
несовместимый|incompatible|келшен толдымо але шотлан толдымо
несоседние ячейки|non-adjacent cells|йыгыре огыл сото
нет|No|уке
нет|None|уке
нет на работе|out of the office|пашаште уке
ниже|below|ӱлыкӧ
нижнее поле|bottom margin|ӱлыл алан
нижний колонтитул|footer|ӱлыл колонтитул
нижний регистр|lowercase|ӱлыл регистр
нижний, снизу|Bottom|ӱлыл, ӱлыч
низкая память; недостаточно памяти|low memory|шагал шарнымаш; шарнымаш ок сите
ниспадающее меню|cascading menu|волышо меню
Новинки|What's New|мо у
новичок|beginner|у еҥ
новости|news|увер-влак
номер|Number|номер
номер телефона, телефон|phone number|телефон номер, телефон
Media|Media|Media
нумерованный список|numbered list|номероватлыме лӱмер
О программе|About|программе нерген
Обзор|Browse|обзор
Области|Regions|кундем-влак
область|drop area|кундем
область|pane|кундем
Область|State/Province|кундем
область данных|data area|пого кундем
область диаграммы|chart area|диаграмме кундем
Область задач|task pane|сомыл кундем
область печати|print area|савыктыш кундем
область построения|plot area|чоҥалтмаш кундем
область правки|entry bar|тӧрлымаш кундем
Область просмотра|preview pane|ончымо кундем
область состояния|status area|улмо кундем
Область текста|Text Area|текст кундем
область чтения|Reading Pane|лудмо кундем
обмен сообщениями|messaging|вашла серышым возкалымаш 
обнаружение|detection|верештмаш
обнаружение вирусов|virus detection|вирусым верештмаш
обновить|refresh|уэмдаш
обновить|upgrade|уэмдаш
Обновить данные|Refresh Data|данныйым уэмдаш
обновление|Update|уэмдымаш
обновлять каждые |Refresh every |кажныжым уэмдаш
Обозначение денежной единицы|currency symbol|окса единицым ончыктымаш
обозреватель|browser|ончыктышо
обозреватель, обозреватель Интернета, веб-обозреватель|Web browser|ончыктышо, Интернет ончыктышо, веб-ончыктышо
обои|wallpaper|экран сӱрет
обработка данных|data processing|данный дене пашам ыштымаш
обработка текстов|word processing|текст дене пашам ыштымаш
образец кода|sample code|кодын тӱҥ сынже
образец слайдов|slide master|слайдын тӱҥ сынже
обратить|invert|савыралаш
обратная косая черта|backslash|мӧҥгешла йожек тоя
обратная косая черта|backslash|мӧҥгешла йожек тоя
обратная связь|feedback|мӧҥгешла кыл
Обратный адрес|Return address|мӧҥгеш адрес
обращение к API|API call|API-лан эҥерташ
обрезать|crop|пӱчкаш
обрезная метка|crop mark|пӱчмӧ пале
обрезная метка|crop mark|пӱчмӧ пале
обсуждение|discussion|каҥашымаш
обсуждение|discussion comment|каҥашымаш
общий|general|тӱшка
общий|global|тӱшка
общий|master|тӱшка
общий ресурс|share|чумыр ресурс
объединять|merge|ушылаш
объект|object|объект
объектная библиотека|object library|объект книгагудо
объекты базы данных|database objects|чумыр пого объект-влак
"Объем (например: ""Объем: стиль 1"" и т.п.)"|3-D Style|кугыт
объем, количество|Amount|кугыт
объемная гистограмма|3-D Column|кум висышан гистограмме
объемная круговая (диаграмма)|3-D Pie|кум висышан тыртышан (диаграмме)
объемная линейчатая (диаграмма)|3-D bar|кум висышан корнан (диаграмме)
объемная с областями (диаграмма)|3-D Area|кум висышан кундеман (диаграмме)
объемный график|3-D Line|кум висышан график
объемный эффект|3-D effect|кум висышан эффект
объявление|banner|увертарымаш
объявление|flyer|увертарымаш
Объяснение|Explain|умылтарымаш
обычный|conventional|тыглай
Обычный режим|normal view|тыглай режим
обычный текст|plain text|тыглай текст
оглавление|table of contents|вуйлымаш
ограниченная дееспособность|disability|аҥысыр кертмаш
одинарное подчеркивание|single underline|ик гана удыралмаш
однобайтный знак|single byte character|ик байтан тамга
ОК|OK|OK (йӧра)
окно|window|окна
окно базы данных|database window|чумыр пого окна
окно группы|group box|тӱшка окна
окно документа|document window|документ окна
окно палитры|palette window|тӱрлӧ чия окна
окно предупреждения|alert box|шижтарымаш окна
Окно сообщения|message box|серыш окна
окно стилей|style box|стиль окна
оператор|operator|оператор
операционная система|operating system|операций системе
описание|Description|возен ончыктымаш
оплата, выставление счетов|billing|тӱлымаш
опорная направляющая, опорная линия|baseline|эҥертен вӱдышӧ, эҥертыме корно
определение|definition|рашемдымаш
определение типа документа|document type definition|документ типым рашемдымаш
Определить|Define|рашемдаш
Опрос|survey|йодыштмаш
оптимизировать|optimize|саемдаш
оптическое распознавание текста|OCR|текстым ончен палымаш
опубликовать|publish|савыкташ
Организация|Company|организаций
ориентация|orientation|ориентаций
освободить|release|яраҥдаш
оси|Axes|ось-влак
основной|core|тӱҥ
основной|primary|тӱҥ
основной документ|main document|тӱҥ документ
основной текст|body text|тӱҥ текст
Основные линии сетки|major gridlines|сеткын тӱҥ корныжо-влак
Особый|Special|посна
остановить|Stop|чараш
ось|axis|ось
От|From|деч
от текста|From text|текст деч
отбросить, удалить, очистить|discard|кудалташ, кораҥдаш, эрыкташ
ответ, отклик|response|вашмут
Ответить|reply|вашешташ
ответный вызов|callback|вашмут йыҥгыр
отвечать|answer|вашешташ
отвечать|answer|вашешташ
отдел|Department|пӧлка
отказы|downtime|келшыдымаш-влак
Отклонить|Decline|кораҥдаш
отклонить|Dismiss|кораҥдаш
отклонить|Reject|кораҥдаш
отключить|deactivate |йӧрташ
отключить|disable|йӧрташ
отключить|disconnect|йӧрташ
открыть|Open|почаш
отладка|debug|лачештарымаш
Отмена (стандартная кнопка), отменить (глагол, используется в тексте)|Cancel|кораҥдымаш, кораҥдаш
отменить|Undo|кораҥдаш
Отменить изменения|Revert|вашталтышым кораҥдаш
отменить подписку|Unsubscribe|подпискым кораҥдаш
отмечено|checked|палемдыме
отношение|relation|вашкыл
отображаемое имя|display name|ончыктымо лӱм
Отображать как|Show As|семын ончыкташ
Отобразить элемент|Show Item|элементым ончыкташ
отобразить, показать, показать скрытое|Unhide|ончыкташ
отозвать|recall|мӧҥгеш ӱжаш
отозвать сообщение|Cancel Message|уверым пӧртылташ
отправитель|sender|колтышо
Отправить|route|колташ
отправить|send|колташ
Отправить|Send To|колташ
Отправить|Submit|колташ
Отправить в кодировке Юникод|Send As Unicode|Юникод код дене колташ
Отправить и получить|Send/Receive|колташ да налаш
Отправить как есть|Send As Is|мо улыжым колташ
отправить сообщение|Send Message|уверым колташ
Отправка почты|Send Mail|почтым колташ
Отправленные|Sent Items|колтымо
Отправленные (кому)|Sent To|(кӧлан) колтымо
отпустить|drop|колташ
Отразить сверху вниз|Flip Vertical|кӱшыч ӱлык ончыкташ
Отразить слева направо|Flip Horizontal|шола гыч пурлашке ончыкташ
отступ|indent|чакныш
отступ красной строки|First line indent|у корно чакныш
отстыковать|undock|ойыраш
Отстыковать компьютер|Undock Computer|компьютерым ойыраш
оттенок|Hue|валге
оттенок|shade|валге
оттенок|tint|валге
Отчество|Middle|ачалӱм
отчет|report|отчет
отчет сводной таблицы|PivotTable report|иктешлыме таблице отчет
очередь|queue|черет
Очистить|Clear|эрыкташ
Очистить|clear|эрыкташ
Очистить|Clear History|эрыкташ
Очистить все|Clear All|чыла эрыкташ
ошибка|error|йоҥылыш
ошибка|failure|йоҥылыш
пакет обновлений|Service Pack|уэмдымаш-влак пакет
пакет программ|suite|программе-влак пакет
Пакеты|Packages|пакет-влак
палитра|palette|тӱрлӧ чия
память|memory|шарнымаш
панель|panel|оҥа
панель задач|Taskbar|сомыл оҥа
Панель задач|TaskPad|сомыл оҥа
панель инструментов|Toolbar|ӱзгар оҥа
"панель инструментов ""Стандартная"""|Standard toolbar|"""Стандартле"" ӱзгар оҥа"
"панель инструментов ""Форматирование"", панель форматирования"|Formatting toolbar|"ӱзгар оҥа ""Форматироватлымаш"", форматироватлымаш оҥа"
Панель переходов|Navigation Bar|Куснылмо оҥа
панель переходов, область переходов|Navigation Pane|куснылмо оҥа, куснылмо кундем
панель представлений|Views Bar|ончыктымо оҥа
панель ссылок|link bar|кылвер оҥа
Панель управления|Control Panel|виктарыме оҥа
панель форматирования|Format bar|форматироватлымаш оҥа
папка|folder|папке
"папка ""Автозагрузка"""|startup folder|"""Шкеколтымаш"" папке"
папка верхнего уровня, родительская папка|parent folder|кӱшыл тошкалтыш папке, ава папке
папка, вложенная папка|subfolder|папке, иге папке
параллельный|parallel|йыгыре
Параметр|Option|параметр
параметр|parameter|параметр
параметры по умолчанию, настройки по умолчанию|default settings|пеҥгыдемдыме семын параметр, пеҥгыдемдыме семын келыштарымаш
Параметры почты|Mail Options|почто параметр
Параметры страницы|Page Setup|лышташ параметр
Параметры фильтрации|Filter options|шокте параметр
парные кавычки|smart quotes|мужыран кавычке
пароль|password|шолыпмут
первая страница|First page|икымше лышташ
первичное окно|primary window|тӱҥалтыш окна
первичный ключ|primary key|тӱҥалтыш сравоч
первичный цвет|primary color|тӱҥалтыш тӱс
первый|First|икымше
Перевод|Translate|кусарымаш
перевод страницы|form feed|лышташым кусараш
передавать|transmit|колтылаш
передача|transmission|колтымаш
передний план, перед|Foreground|ончыл вер, ончыл
передний план, перед|Front|ончыл вер, ончыл
перезагрузить|reboot|уэш колташ
Перезагрузка|restart|уэш колтымаш
Перезагрузка|Restart|уэш колтымаш
перезаписать|Overwrite|уэш возаш
переименовать|rename|уэш лӱмдаш 
Перейти|Go to|куснаш
перейти|Goto|куснаш
Перейти в папку|Go to Folder|папкыш куснаш
переключатель|radio button|чӱктыш-йӧртыш
переключатель|switch|чӱктыш-йӧртыш
переключатель|toggle key|чӱктыш-йӧртыш
Переключить|toggle|весыш чӱкташ
перекрасить|Recolor|уэш чиялташ
перекрестная ссылка|cross-reference|ыреслалтше кылвер
перекрывающиеся окна|overlapping windows|ӱмбала окна
Перекрытие|overlap|петырымаш
перекрыть|override|петыраш
переменная|variable|вашталтше
переместить|Move|верым вашталташ
перемещаемая панель|floating toolbar|кондыштарыме оҥа
перемещаемый|floating|кондыштарыме
перемещение|transfer|кондыштарымаш
перенос по словам|Word Wrap|шомак дене вончыктарымаш
перенос текста|line wrap|текстым кусарымаш
перенос текста|text wrapping|текстым кусарымаш 
переносной компьютер|laptop|кондыштман компьютер
перепечатать, ввести снова|retype|уэш погаш, уэш пурташ
Перерыв на обед|Out to Lunch|кечывал каныш
переслать|Forward| колташ
переслать|Forward| колташ
пересчитать, обновить|Recalculate|уэш шотлаш, уэмдаш
перетащить|drag|кусарен шындаш
перетащить и отпустить|drag and drop|кусарен шындаш да колташ
Переустановить|reinstall|уэш шындаш
Переход|go|куснымаш
Переход|Go|куснымаш
переход|jump|куснымаш
переход|transition|куснымаш
переходить|navigate|куснаш
перо|pen|пыстыл
персональный компьютер|personal computer|шке компьютер
песочные часы|hourglass|ошма шагат
печатать|print|савыкташ
пика|pica|вурдан умдо
пирамида, пирамидальный|Pyramid|пирамиде, пирамиде сынан
Питание|Power|питаний
ПК|PC|ПК
платформа|platform|платформо
По вертикали|Vertically|туран
по возрастанию|ascending|кугемме семын
По возрастанию|Sort Ascending|кугемме семын
По горизонтали|Across|торешын
по группам|Show in Groups|тӱшка дене
По контуру|Tight|контур дене
по убыванию|descending order|иземме семын
По убыванию|Sort Descending|иземме семын
по умолчанию|by default|пеҥгыдемдыме семын
по умолчанию|default|пеҥгыдемдыме семын
установить по умолчанию|set as default|пеҥгыдемдыме семын шындаш
повернуть|Rotate|савыраш
Поверх остальных окон|Always on Top|моло окна ӱмбалан
поверхностная (диаграмма)|3-D Surface|ӱмбал (диаграмме)
Поверхность|Surface|ӱмбал
поверхность кнопки|button face|кнопко ӱмбал 
повреждение|damage|локтылалтмаш
повреждение|damage|локтылалтмаш
поврежденные данные|corrupt data|локтылалтше данный-влак
поврежденный|corrupt|локтылалтше
Повтор номера|Redial|номер пачашлымаш
повтор, повторение|repetition|пачашлымаш
повторить|repeat|пачашлаш
повторить попытку|retry|угыч тӧчаш
Повторить попытку|Try Again|угыч тӧчаш
повторяющийся|recurring|пачашлалтше
повысить уровень|promote|кӱкшытым кугемдаш
предварительный|Tentative|ончылтен
подгонка, подбор; подогнать, подобрать, вписать|Fit|келыштарымаш, келыштараш, возен шындаш
подготовить|prepare|ямдылаш
поддержка|support|эҥертыш
поддержка письма справа-налево|right-to-left support|пурла гыч шолашке возаш эҥертыш
Поддержка продуктов Майкрософт|Microsoft Product Support|Майкрософт сатулан эҥертыш
подключаемый модуль|plug-in|ушымо модуль
Подключение|Connect|ушымаш
соединение|Connection|ушымаш
просмотр базы данных|data view manager|данный-влак базым ончымаш
подключение к базе данных|database connection|данный-влак базыш ушымаш
подключение к серверу|connect to a server|серверыш ушымаш
подключенный, доступный|Online|ушымо, пуртыкан 
Подключиться к…|Connect to|... деке ушнаш
подлинность|authenticity|чынлык
Подогнать|Fit to|келыштараш
Подогнать размер, По содержимому|Best Fit|кугытым келыштараш, мо улмо семын
подписаться|Subscribe|возалташ
подписка|subscription|подписке
подпись|Signature|кидпале
метки данных|data label|данный-влак пале
метки категории|category label|категорий пале
подпрограмма|subroutine|программе иге
Подробнее|More Info|рашрак
замена|Substitution|алмаштымаш
подстановочный знак|wildcard|муаш полшышо тамга
подстрочный|subscript|корно йымалсе
подтвердить|Confirm|пеҥгыдемдаш
подтвердить подлинность|authenticate|чынлыкым пеҥгыдемдымаш
подтверждение|confirmation|пеҥгыдемдымаш
подчерк|underscore|ӱлыч удыралтыш
Подчеркнутый|Underline|ӱлыч удыралме
подчиненная форма|subform|йымал формо
подчиненный отчет|subreport|йымал отчет
позиция табуляции|tab stop|табуляций вер
поиск|search|кычалмаш
поиск|Search|кычалмаш
Поиск людей|Find People|еҥым кычалмаш
поисковая система|search engine|кычалме системе
Показ слайдов|slide show|слайдым ончыктымаш
Показать в|Show in|(тушто) ончыкташ
Показать все|Show all|чыла ончыкташ
Показать или скрыть|Show or Hide|ончыкташ але шылташ
Показать подробности|Show Detail|рашлыкым ончыкташ
Показать рисунок|Show Image|сӱретым ончыкташ
Показать структуру|Show Outline|чоҥалтмашым ончыкташ
показать, отобразить|Show|ончыкташ
показать, отобразить|Show|ончыкташ
поле|field|алан
поле, край|margin|алан, тӱр
текстовое поле|text box|текст алан
"поле ""СК"""|Cc box|"""СК"" алан"
окно редактирования|edit box|тӧрлымӧ алан
поле данных|data field|пого алан
поле слияния|merge field|ушымо алан
поле пользовательской группировки|custom group field|пайдаланыше тӱшка алан
поле со списком|combo box|лӱмеран алан
выпадающее поле со списком|drop-down combo box|лектын вочмо лӱмеран  алан
поле со списком|list box|лӱмеран алан
поле страницы, поле сводной таблицы|page field|лышташ алан, иктешлыме таблице алан
поле форматированного текста|rich-text box|форматироватлыме текст алан
поле формы|form field|формо алан
ползунок|slider indicator|кондыштарыш
Полилиния|freeform|шуко корно
политика|policy|политике
политика конфиденциальности корпорации Майкрософт|Microsoft Privacy policy|Майкрософт корпорацийын конфиденциальность политикыже
полный|complete|тичмаш
полный|complete|тичмаш
Положение|position|вер
расположить|positioning|вераҥдаш
полоса ошибок|error bars|йоҥылыш кашта
полоса стилей|style area|стиль кашта
Полотно|drawing canvas|вынер
получатель|recipient|налше
получатель почты|mail recipient|почтым налше
получать|receive|налаш
пользователь|User|пайдаланыше
пользовательские группы|custom group|тӱшкан пайдаланыме
пользовательский интерфейс|user interface|пайдаланышын интерфейсше
пользовательский словарь, вспомогательный словарь|custom dictionary|пайдаланыме мутер, полшышо мутер
отправить|post|колташ
Пометить как непрочитанное|Mark as Unread|луддымо семын палемдаш
Пометить как прочитанное|Mark as Read|лудмо семын палемдаш
Пометка примечания|Note Flag|Палемдымашым ончыктымаш
пометки об исправлениях|revision marks|тӧрлатыме нерген пале-влак
Помощник|Office Assistant|полышкалыше
понизить уровень|demote|кӱкшытым волташ
понятное имя|friendly name|умылаш лийме лӱм
попадание|hit|логалмаш
порт|port|аҥ
Поручение|Task Request|кӱштымаш
порядковый номер|ordinal number|радам номер
порядок сортировки|sort order|ойыркалыме радам
порядок сортировки|sorting order|ойыркалыме радам
посетить|visit|пурен лекташ
после анимации|After animation|анимаций деч вара
последовательность|Sequence|радам шот
последовательность перехода|Tab Order|куснымаш радам
Поставщик|Supplier|пуэн шогышо
поставщик услуг Интернета|Internet access provider|Интернет суапым пуышо
поставщик услуг Интернета|Internet service provider|Интернет суапым пуышо
поставщик услуг Интернета|ISP|Интернет суапым пуышо
постоянное значение, константа|constant|вашталтдыме ыҥ
построитель|builder|чоҥышо
Построить|Build|чоҥаш
поток|stream|йогын
поток|thread|йогын
почта|Mail|почто
почтовая наклейка|mailing label|почто пижыктыш
почтовая система|mail system|почто системе
Почтовое сообщение|Mail Message|почто серыш
почтовые наклейки|address labels|почто пижыктыш-влак
почтовый индекс|postal code|почто индекс
почтовый индекс|ZIP code|почто индекс
почтовый ящик|mailbox|почто яшлык
Появиться|Appear|лекташ
Права|rights|права-влак
правило|rule|правил
Правка (стандартный элемент меню), Изменить|Edit|тӧрлымаш (менюн стандартле элементше), вашталташ
право управления списком|Manage Lists right|лӱмер виктарыме права
Правописание|Spelling|чын возымаш
предварительный просмотр|preview|ончылтен ончымаш
Предварительный просмотр|print preview|ончылтен ончымаш
предложение|Suggestion|ойлончо
представительство|subsidiary|пӧлка
представление данных, вид данных|data view|данный-влакым ончыктымаш, данный-влак сын
представление страницы|Page view|лышташым ончыктымаш
предупреждающее сообщение|warning message|шижтарыше увер
предупреждение|alert message|шижтарымаш
предупреждение|warning|шижтарымаш
Предустановка|preset|шындыме деч ондак
прекратить|abort|чараш
преобразование|conversion|весемдымаш
преобразователь|converter|весемдыше
Преобразовать|convert|весемдаш
преобразовать|Transform|весемдаш
прерывание|interrupt|кӱрылтмаш
префикс|prefix|префикс
приветствие|greeting|саламлалтмаш
привязка|anchor|кылдыш
привязка, привязать (к сетке)|Snap|кылдымаш, кылдаш (сетке дек)
подсказка|prompt|каласымаш
Приглашение на собрание|Meeting Request|погынымашыш ӱжмаш
приложение, программа|Application|пеленлык, программе
приложение, программа (Control Panel applet - значок панели управления)|applet|пеленлык, программе (Control Panel applet - вуйлатыме оҥа пале)
применить|apply|кучылташ
применить ко всем|Apply to All|чыла деке кучылташ
применить представление|Apply View|ончыктымашым кучылташ
применить представление|Apply View|ончыктымашым кучылташ
применить стиль|apply a style|стильым кучылташ
применить шрифт|apply a font|шрифтым кучылташ
пример|Example|пример
примечание|comment|умылтарымаш
Примечания|Notes|умылтарымаш-влак
Примечания|Notes|умылтарымаш-влак
принимать|Accept|налаш
принтер|Printer|принтер
Принтеры и факсы|Printers and Faxes|Принтер ден факс
приоритет|priority|приоритет
присоединить|join|ушаш
пробел|blank space|кокла
пробел|space|кокла
пробел|spacebar|кокла
проверить|check|тергаш
проверить|check|тергаш
проверить|validate|тергаш
проверка|validation|тергымаш
проверка|verification|тергымаш
проверка данных|data validation|данныйым тергымаш
Проверка имен|Check Names|лӱмым тергымаш
проверка подлинности|authentication|чынлыкым тергымаш
Проверка правописания|spell checker|чын возымым тергымаш
проверять|Test|тергаш
проверять|verify|тергаш
Проводник|explore|проводник
Проводник|explorer|проводник
Проводник|Windows Explorer|проводник
программа|program|программе
программа|software program|программе
программа архивации|backup program|оссерлымаш программе
программа установки|setup program|шындымаш программе
программа установки, установщик|installer|шындымаш программе, шындыше
программирование объектов, автоматизация|automation|объектым программироватлымаш, шке гыч ыштыктымаш
программное обеспечение|software|программе пого
продолжить|Continue|шуяш
продолжить, возобновить|resume|шуяш, уэш тӱҥалаш
проект|project|проект
Прозрачность|Transparency|вошткоймо
прозрачный|Transparent|вошткойшо
результат|rezult|лектыш
производительность|performance|паша лектыш
произвольный показ|Custom show|шке семын ончыктымаш
прокрутка по горизонтали, горизонтальная прокрутка|horizontal scroll|тореш кондыштарымаш
прокручивать|scroll|пӱтыркалаш
прокси-сервер|proxy server|прокси-сервер
промежуток|Spacing|кокла вер
промежуточные итоги|Subtotal|кокла иктешлымаш
промежуточные линии сетки, вспомогательные линии сетки|minor gridlines|шокте кокла корно, полшышо кокла корно  
прописные буквы|capital letters|кугу буква
прописные буквы|capitals|кугу буква
прописные буквы|caps|кугу буква
прописными буквами|UPPERCASE|кугу буква дене
пропускная способность|bandwidth|пуртен кертмаш
пропустить|ignore|коден каяш
Пропустить|Skip|коден каяш
Пропустить все|Ignore All|чыла коден каяш
пропустить, не [делать]|omit|тыгак кодаш
просмотреть документ|scroll through a document|документым ончен лекташ
Просмотреть элемент|View Item|элементым ончен лекташ
простой|simple|тыглай
Простой текст|Plain Text|тыглай текст
пространство имен|namespace|лӱм кундем
протокол|protocol|протокол
протокол FTP|FTP|FTP протокол
протокол HTTP|HTTP|HTTP протокол
протокол IP|IP|IP протокол
протокол TCP|TCP|TCP протокол
протокол TCP/IP|TCP/IP|TCP/IP протокол
Профессиональный выпуск (переводится только для Office; название Windows XP Proffessional не переводится)|Professional edition|профессионал савыктыш
Профессия|Profession|профессий
профиль|profile|профиль
профиль пользователя|user profile|пайдаланышын профильже
процедура|procedure|процедур
Процентные показатели|Percentage|процент ончыктымаш
процесс|process|процесс
процессор|CPU (central processing unit)|процессор
прямоугольник|Rectangle|виклук
прямые кавычки|straight quotes|вияш кавычке
псевдоним|alias|шолып лӱм
псевдоним|Nickname| шолып лӱм
пт|pt|пт
Публикация|publication|cавыктыш
публикация в Вебе|Web publishing|вебыште савыктымаш
пункт|point|пункт
пунктирная линия|dotted line|пунктир корно
пустой|blank|яра
пустой|Empty|яра
путь|path|корно
Работать автономно|work offline|шке семын ышташ
рабочая группа|workgroup|паша тӱшка
рабочая область|workspace|паша кундем
рабочая станция|workstation|паша станций
рабочий день|Weekday|паша кече
рабочий стол|desktop|паша ӱстел
рабочий, деловой, служебный (прил.), бизнес (сущ.)|business|паша
рабочий, деловой, служебный (прил.), бизнес (сущ.)|business|паша
разбиение на страницы|pagination|лышташ-влаклан пайлаш
разбить|split|пайлаш
развернутое окно|maximized window|шарен почмо окна
Развернуть|expand|шаралташ
развернуть|expand (an outline)|шаралташ
развернуть|maximize|шараш
Кнопка Развернуть|Maximize button|Шараш кнопко
развернуть значок|Expand icon|тамгам кугемдаш
разговор|chat|мутланымаш
разгруппировать|Ungroup|тӱшка-влаклан шалаташ
раздел|partition|ужаш
Раздел|section|ужаш
раздел|topic|ужаш
раздел справки|help topic|полыш ужаш
разделенный запятыми|comma delimited|запятой дене ойырымо
разделитель|delimiter|ойырышо
разделитель|separator|ойырышо
разделитель|split bar|ойырышо
разделитель групп разрядов|thousand separator|разряд тӱшкам ойырышо
Разделитель компонентов даты|Date separator|дате ужаш ойырышо
разделитель списка|list separator|лӱмер ойырышо
размер|Size|кугыт
Размер (используется в интерфейсе Windows)|by Size|кугыт дене
размер окна|window size|окна кугыт
размер пузырька|bubble size|шӱвыроҥ кугыт
размер текста|Text Size|текст кугыт
размер файла|File size|файл кугыт
размер шрифта|Font size|шрифт кугыт
Размерность|dimension|кугытлык
Разметка|markup|шеледымаш
разное|miscellaneous|тӱрлӧ
Разобрать по копиям|Collate|копийлан шеледаш
разобрать по копиям|Collate Copies|копийлан шеледаш
Разорвать связь|Break Link|кылым кÿрлаш
разработка|authoring|ыштымаш
разработка, разработать|Design|ыштымаш, ышташ
разработчик|developer|ыштыше
разработчик веб-узла|Web author|веб-кыл ыштыше
разрешение|resolution|экран кугыт
Разрешение (количество точек на дюйм)|DPI setting|дюймлан точко чот
разрешение на доступ|access permission|пурташ кӧнымаш
Разрешения|permissions|кӧнымаш
разрешить|allow|кӧнаш
разрешить свободный ввод|Click and type|шонымо семын пуртыкташ
разрыв абзаца|paragraph break|абзацым кӱрлмаш
разрыв колонки|column break|колонкым кӱрлмаш
Разрыв раздела|section break|ужашым кӱрлмаш
Ручной разрыв страницы|manual page break|Кид дене лаштыкым кӱрлмаш
разрыв страницы|page break|лаштыкым кӱрлмаш
Разрыв строки|manual line break|корным кӱрлмаш
Разъединение, Разорвать соединение|Hang Up|кылым кӱрлаш
рамка|Box|рамке
рамка|frame|рамке
рамка|frame|рамке
раскладка клавиатуры|keyboard layout|полдышоҥасе вераҥдымаш
раскрывающееся меню|drop-down menu|почылтшо меню
раскрывающийся (список)|Drop-down|почылтшо лӱмер
раскрывающийся список|Dropdown Box|почылтшо лӱмер
раскрывающийся список|drop-down list|почылтшо лӱмер
Раскрывающийся список|drop-down list box|почылтшо лӱмер
"раскрывающийся список ""Размер шрифта"""|font size box|"""Шрифт кугыт"" почылтшо лӱмер"
"раскрывающийся список ""Шрифт"""|font box|"""Шрифт"" почылтшо лӱмер"
распаковать|decompress|паковатлымым почаш
распаковка|decompression|паковатлымым почмаш
распечатанный, отпечатанный|hardcopy|савыктыме
расположение|location|вераҥмаш, вераҥдымаш
расположить в центре, выровнять по центру|Center|покшеке шындаш, покшеке вераҥдаш
распределять|Distribute|шеледаш
расстановка переносов|hyphenation|вончыктарымашым шындымаш
Растянуть|Stretch|шуяш
расширение|extension|кумдаҥдымаш
расширение файла|file extension|файл пале 
расширить|extend|кумдаҥдаш
расшифровать|decrypt|шифрым почаш
расшифровка|decryption|шифрым почмаш
регистрация|registration|возалтмаш
регулятор|spin box|шке виктарыше
редактор|editor|редактор
редактор метода ввода|IME|пуртымо йӧн редактор
Редактор сценариев|Microsoft Script Editor|сценарий редактор
редактор формул|Equation Editor|формул редактор
реестр|registry|реестр
режим|mode|режим
режим вставки|insert mode|шындымаш режим
режим принятия входящих звонков|call waiting|пурышо йыҥгырым налме режим
режим сводной диаграммы|PivotChart view|иктешлыме диаграмме режим
режим сводной таблицы|PivotTable view|иктешлыме таблице режим
режим таблицы|datasheet view|таблице режим
режим формы|Form view|формо режим
резервная копия, архив, архивная копия|Backup|шапаш копий, оссер, оссер копий
резервная копия, архив, архивная копия|backup copy|шапаш копий, осссер, оссер копий
резкость|sharpness|рашлык
Результат|result|лектыш
резюме|résumé|резюме
реплика|replica|реплике
репликация|replication|ойым ышташ
ресурс|resource|ресурс
Рецензия|review|аклыммут
Речь|Speech|ой
Речь|Speech|ой
Рисование|Drawing|сӱретлымаш
Рисованная кривая|Scribble|сӱретлыме кадыр
Рисунок|Art|сӱрет
Рисунок|picture|сӱрет
Рисунок текстуры|texture|текстур сӱрет
родительская папка|parent directory|тӱҥ папке
родительский|parent|тӱҥ
родительский веб-узел|parent web|тӱҥ веб-кыл
Роль|role|роль
Руководство пользователя|User's Guide|пайдаланышылан полыш
рукописные примечания|Ink Annotations|кидвозыш умылтарымаш
рукописный ввод|handwriting|кидвозыш пуртымаш
рукописный текст|ink|кидвозыш текст
ручная подача|manual feed|кид дене пуымаш
ручной|handheld|кид дене
ряд|series|радам
ряд данных|data series|данный радам
ряд рисунков|Stack|сӱрет радам
рядом|tiled windows|воктене
с разделителями|Delimited|ойырымаш дене
с разделителями табуляции|tab delimited|табуляций ойырымаш дене
с тенью|shadow|ӱмыл дене
с учетом регистра|Case Sensitive|регистрым шотыш налын
С учетом регистра|match case|регистрым шотыш налын
сбой|crash|лугыч лиймаш
Сбросить|Reset|кудалташ
Сведения о продукте|Product News|лектыш нерген увер
сведения о системе|system information|системе нерген увер
сведения, данные|information|увер-влак
сведения, подробные сведения|detail|увер-влак
свернуть|collapse|шылташ
Свернуть|Minimize|шылташ
свернуть|reduce|шылташ
свернуть значок|Reduce icon|тамгам шылташ
сверху|From Top|кӱшыч
свободная память|available memory|яра вер
свободная память|free memory|яра вер
свободное место на диске|available hard disk space|дискыште яра вер
свободное место на диске|free disk space|дискыште яра вер
Сводка|Summary|иктешлымаш
Сводное|Pivot|иктешлыме
сводный список|PivotTable list|иктешлыме лӱмер
свойства|properties|палык-влак
свойства формы|form properties|формо палык
свойство|property|палык
свяжитесь с нами|Contact Us|мемнан дене кылдалтса
связанная таблица|linked table|кылдалтше таблице
связанный объект|linked object|кылдалтше объект
расширенный выбор|extended selection|кумдаҥдыме ойырымаш
связывание и внедрение объектов|OLE|объект-влакым кылдымаш да пуртымаш
Связь|relationship|кыл
сглаживание экранных шрифтов|font smoothing|экран шрифт-влакым тӧремдымаш
Сдающий|dealer|пуышо
Сдвиг|nudge|тарватымаш
сделать активным|activate|талештараш
сделать все буквы прописными|capitalization|чыла буква кугемдаш
сеанс работы|session|паша сеанс
сегодня|Today|таче
секунда|second|секунд
сервер|Server|сервер
сервер SQL Server|SQL Server|SQL Server сервер
сервер электронной почты, почтовый сервер|e-mail server|электрон почто сервер
Серверные расширения FrontPage|FrontPage Server Extensions|FrontPage сервер кумдаҥдымаш
Инструменты|Tools|Ӱзгар-влак
серийный номер|serial number|серий номер
сертификат|certificate|сертификат
сертификат|digital ID|сертификат
сертификат лицензии|license certificate|лицензий сертификат
сертификат подлинности|Certificate of Authenticity|чынлык сертификат
Сетевое окружение|My Network Places|вот йырвел
сетевое подключение|network connection|вот ушымаш
сетевой диск|network drive|вот диск
сетка|grid|шокте
сетка|gridlines|шокте
сеть|Network|вот
сжатие|Compression|туртыктымаш
сжать|compress|туртыкташ
сжать|condense|туртыкташ
сигнал в линии|dial tone|корнысо йӱк
символ|symbol|тиште
синий|Blue|канде
синоним|synonym|синоним
синонимы|Synonyms|синоним-влак
синтаксис|syntax|синтаксис
синтаксическая ошибка|syntax error|синтаксис йоҥылыш
синхронизация|synchronization|ик жапыште ыштыктымаш
синхронизовать|Synchronize|ик жапыште ыштыкташ
система управления базами данных, СУБД|database application|чумыр погым виктарыме системе
система, модуль|framework|системе, модуль
системный|System|системе
системный администратор|system administrator|системе виктарыше
системный файл|system file|системе файл
СК (скрытая копия)|BCC|СК (шылтыме копий)
сканер|scanner|сканер
Скоро вернусь|Be Right Back|вашке пӧртылам
Скорость|rate|писылык
скорость|Speed|писылык
скорость|Speed|писылык
скорость, скорость передачи данных|baud rate|писылык, данный колтымо писылык
скрытый|hidden|шылтыме
скрытый текст|hidden text|шылтыме текст
Скрыть|Hide|шылташ
скрыть подробности|Hide Detail|рашлыкым шылташ
скрыть подробности|Hide Details|рашлыкым шылташ
Слайд|Slide|слайд
слева|From Left|шола гыч
слева направо|left-to-right|шола гыч пурлашке
Плитка Вертикально|Tile Vertically|Тура Плитке
Следующая страница|Next Page|вес лышташ
Дополнительно|Advanced|Ешарен
словарь|Dictionary|мутер
слово|Word|мут
сложить|Sum|ушаш
сложные|complex|икмыняран
слой|Layer|лончо
служба|service|сервис
служба каталогов|Directory Services|каталог службо
службы в Интернете|online service|Интернетыште службо
См.|see|ончо
См. также|see also|тыгак ончо
Смарт-теги|Smart tag|смарт-теги
Смена цветов|Cycle|тӱс вашталтымаш
Сменить значок|Change Icon|тамгам вашталташ
смещение|offset|тарванымаш, шӱкалалтмаш
снимок|snapshot|войзыш
Сноска|footnote|сноско
снять выделение|deselect|палемдымым кораҥдаш
снять флажок|clear a checkbox|тистым кораҥдаш
снять флажок|uncheck a check box|тистым кораҥдаш
собрание|gallery|погынымаш
событие|event|событий
совет|tip|каҥаш
совместимый|compatible|келшыше
совместимый с предыдущими версиями|backward compatible|ондакысе версий дене келшыше
совместная работа|collaboration|пырля паша
совместный доступ к файлам|file sharing|файлыш пырля пураш лиймаш
совместный доступ к файлам и принтерам|file and print sharing|файл ден принтерыш пырля пураш лиймаш
соглашение|convention|ойпидыш
содержание, оглавление|contents|вуйлымаш
разъём|connector|электроӱштӧ мучаш
Создатель|creator|ыштыше
Определить Вид|Define Views|Тӱсым Рашемдымаш
Создание сообщения|Compose|серышым ямдылымаш
создать|Create|ышташ
создать резервную копию, создать архивную копию, архивировать|back up|шапаш копийым ышташ, оссер копийым ышташ, оссерлаш
создать ярлык|Create Shortcut|Ярлыкым ышташ
Создать, Создать новый|Create New|Ышташ,  ум ышташ
сокращение|acronym|кÿчыкемдымаш
сокращенная установка|minimum installation|кӱчыкемден шындымаш
сообщение|Message|увер
сообщение|Message|серыш
Сообщение группы новостей|News Message|увер тӱшка
сообщение об ошибке|error message|йоҥылыш нерген увер
Сообщение электронной почты|e-mail message|электрон почто серыш
Соответствие|match|келшен толмаш
соответствие цветов изображений|ICM|ойып тӱс келшен толмо
сопоставить|associate|таҥастараш
сопоставление|association|таҥастарымаш
сопроцессор|coprocessor|сопроцессор
сортировать|Sort|ойыркалаш
Сортировать по имени|Sort by Name|лӱм дене ойыркалаш
Сортировка|Sort By|ойыркалымаш
сортировка|sorting|ойыркалымаш
составление стандартных писем|mail merge|стандартле серышым ыштымаш
состояние|status|могай улмо
Состояние (используется в интерфейсе Windows)|by Status|могай улмо
сохраненная процедура|stored procedure|аралыме сомыл
Сохранить|keep|арален кодаш
Сохранить|Save|арален кодаш
Сохранить в|Save in|(ала-кушто) арален кодаш
Сохранить все|Save All|чыла арален кодаш
Сохранить и закрыть|Save and Close|арален кодаш да петыраш
Сохранить как|Save As| ... семын арален кодаш
Сохранить копию как|Save Copy As|копийым ... семын арален кодаш
Сохранить пароль|Save Password|шолыпмутым арален кодаш
Сохранить рисунок как|Save Picture As|сӱретым ... семын арален кодаш
Сохранить условия поиска|Save Search|кычалме йӧным арален кодаш
Сохранить форму|Save Form|формым аралаш
сохранить, хранить|store|арален кодаш
Сочетание|Combination|пырля кучылтмаш
сочетание клавиш|key combination|полдышым пырля кучылтмаш
сочетание клавиш|Shortcut key|полдышым пырля кучылтмаш
сочетать|combine|пырля кучылташ
специальная бумага|special paper|лӱмын кагаз
специальная вставка|Paste Special|лӱмын пуртен шындымаш
специальные возможности (используемый перевод), средства для людей с нарушениями подвижности, слуха и зрения (смысл)|accessibility|лӱмын йӧн
список|list|лӱмер
список задач|task list|сомыл лӱмер
список папок|Folder List|папке лӱмер
список полей|field list|алан лӱмер
список рассылки|mailing list|колтедыме лӱмер
список управления доступом, таблица управления доступом|ACL|пураш лиймым виктарыме лӱмер; пураш лиймым виктарыме таблице
Способы заливки|Fill Effects|чиялтыме йӧн
справа налево|right-to-left|пурла гыч шолашке
Справка|Help|полыш
Справка и поддержка|Help and Support|полыш ден эҥертыш
Спящий режим|Hibernate|малыме режим
сравнение|Comparison|таҥастарымаш
сравнить|Compare|таҥастараш
среда|environment|йырвел
средний|Average|кыдалаш
средний|medium|кыдалаш
Средний|Normal|кыдалаш
средства проверки правописания|proofing tools|чын возымым тергыме йӧн
средство|tool|йӧн
средство просмотра|viewer|ончымо йӧн
срок|Due date|жап
ссылка|citation|ссылке
ссылка|link|ссылке
ссылка|reference|ссылке
ссылка на ячейку|cell reference|сотылан ссылке
Стандартные (название группы программ в Windows)|accessories|стандартле
стандартный|Standard|стандартле
устаревший|legacy|тоштемше
Старый пароль|Old password|тошто шолыпмут
Статистика|Statistics|статистике
Статистика|Word Count|статистике
статья|article|статья
статья|story|статья
стереть|Erase|ӱшташ
стиль|style|стиль
стиль границы|border style|чек стиль
стиль заголовка|heading style|вуймут стиль
стиль знака|character style|тамга стиль
стиль тени|Shadow Style|ӱмыл стиль
столбец|Column|турарадам
сторонний|3rd party|ӧрдыж
страна или регион|Country/Region|эл але кундем
страница|page|лаштык
страница свойств|property page|палык лаштык
стрелка|Arrow|умдо
стрелка влево|Left Arrow|шолашке умдо
стрелка вниз|Down Arrow|ӱлык умдо
стрелка прокрутки|scroll arrow|кондыштарыме умдо
строгие|Strict|пеҥгыде
строка|row|корно
строка|string|корно
строка (текста), линия|line|(текст) корно, корно
Строка итогов|total row|иктешлыме корно
строка меню|menu bar|меню корно
строка подключения|connection string|ушымаш корно
строка состояния|status bar|могай улмым ончыктышо корно
строка формул|formula bar|формул корно
строка, панель|bar|корно, оҥа
контур|outline|ӱжака
структура|Structure|чоҥалтмаш
стыковочный узел|docking station|ушымо кылдыш
Сумма денег|Currency|окса чот
Суффикс|Suffix|Суффикс
существовать|exist|улаш
существующий|existing|улшо
схема|Diagram|схеме
схема|schema|схеме
Схема|Scheme|схеме
схема XML|XML schema|XML схеме
схема документа|document map|документ схеме
схема цветов|color scheme|тӱс схеме
сценарий|scenario|сценарий
сценарий|script|сценарий
сценарий ASP|ASP|ASP сценарий
счетчик|count|шотлышо
счетчик|count|шотлышо
счетчик|counter|шотлышо
таблица|datasheet|таблице
Детали|Details|Рашлык
таблица|table|таблице
таблица данных|data table|Данный-влак таблице
таблица задания раскладки|fixed-layout table|сомыл вераҥдыме таблице
таблица кернинга|kerning table|кернинг таблице
таблица преобразования|conversion table|весемдымаш таблице
таблица символов|Character Map|тиште таблице
таблица стилей|style sheet|стиль таблице
табличный, ленточный|Tabular|таблицан, тасман
табуляция|Tabs|табуляций
тег|tag|тег
тезаурус|thesaurus|тезаурус
текст|Text|текст
текстовое поле|textbox|текст алан
текстовое поле, надпись|text format|текст алан, возыш
текстовый процессор|word processor|текст процессор
текстовый редактор|text editor|текст редактор
текстовый файл|text file|текст файл
текущая запись|current record|кызыт возымо
текущая папка|current directory|кызытсе папке
текущая папка|current folder|кызытсе папке
Текущая страница|Current page|кызытсе лаштык
Текущее представление|Current View|кызытсе ончыктымаш
текущие дата и время|current date/time|кызытсе дате да жап
текущий|current|кызытсе
телефон|Telephone|телефон
телефонный справочник|phone book|телефон книга
телефонный справочник|telephone book|телефон книга
Тема|Subject|теме
тема|theme|теме
темный|Dark|пычкемыш
Техническая поддержка|Online Support|техника эҥертыш
тильда|tilde|тильде
тип|type|тип
тип|type|тип
(сортировать) по типу |by Type|тип дене (ойыркалаш)
тип данных|data type|Данный-влак тип
тип диаграммы|Chart Type|диаграмме тип
тип линии|line style|корно тип
тип объекта|Object Type|объект тип
тип файла|file type|файл тип
..Сохранить как тип|Save as type|...файл тип семын аралаш
Файлы типа|Files of type|… гай файл-влак 
обложка|cover page|ком
титульная страница|facing pages|титул лаштык-влак
товарный знак|trademark|сату тамга
толщина линии|Line Width|корно кӱжгыт
только для записи|write-only|возашлан гына
только текст|text only|текст гына
Только чтение|Read only|лудаш гына
только чтение|read-only|лудаш гына
точек на дюйм|dots per inch|дюймышто точко
точечный рисунок|bitmap|точкан сӱрет
период|period|жап
точка|pixel|точко
точка вставки|insertion point|шындыме точко
точка останова|breakpoint|мучашлыме точко
точка с запятой|semicolon|точко ден запятой
точки данных (значения на точечной диаграмме)|data points|Данный-влак точко
точность|accuracy|рашлык
точный|accurate|раш
транзакция|transaction|транзакций
требования к системе|system requirements|системе деч йодмаш
трекбол, шар|trackball|трекбол, шар
тренд|trend|тренд
треппинг|trap|треппинг
трехмерный, объемный|3-D|Кум висышан, кугытан
триггер|trigger|триггер
Уведомление|Notify|шижтарымаш
уведомление об авторском праве|copyright notice|автор права нерген шижтарымаш
увеличить|zoom|кугемдаш
увеличить вдвое|double the size|кок пачаш кугемдаш
Увеличить отступ|Increase Indent|чакнышым кугемдаш
угловые скобки|angle brackets|лукан скобко
угол|Angle|лук
угол|Corner|лук
угол окна|window corner|окна лук
учётная запись пользователя сети|dial-up account|кыл дене пайдаланышын шотыш налме возышыжо
Удаленные|Deleted Items|кораҥдыме
удаленный (на расстоянии)|remote|кораҥдыме (торалыкыште)
удаленный доступ|dial-up|кораҥдыме доступ
удаленный доступ|remote access|кораҥдыме доступ
удаленный доступ к сети|dial-up networking|вотыш  пураш лиймашым кораҥдымаш
удалить|deinstall|кораҥдаш
удалить|delete|кораҥдаш
удалить|remove|кораҥдаш
удалить|uninstall|кораҥдаш
Удалить все|Delete All|чыла кораҥдаш
удалить страницу|Delete Page|лаштыкым кораҥдаш
удалить строки|Delete Rows|корным кораҥдаш
удалить элемент|Delete Item|элементым кораҥдаш
Удалить ярлык|Delete Shortcut|ярлыкым кораҥдаш
удерживать|hold|кучаш
удерживать кнопку нажатой|hold down a button|ккнопкым темдал кучаш
узел|node|кыл
узел, веб-узел|site|кыл, веб-кыл
узор|pattern|узор
указание|guideline|ончыктымаш
указатель (стрелка)|arrow pointer|ончыктыш (умдо)
указатель|index|ончыктыш
указатель (мыши)|pointer|(коля) умдо
указатель мыши|mouse pointer|коля умдо
указатель справки|help index|полыш тамга
указать|specify|ончыкташ
указывающее устройство|pointing device|ончыктышо йӧндартыш
улица|Street|урем
Уменьшить отступ|Decrease Indent|чакнышым иземдаш
уменьшить, снизить|Decrease|иземдаш
Умолчание|Set Default|пеҥгыдемдыме семын
Упаковать (Pack and Go Wizard = мастер упаковки, Pack and Go file = упакованный файл)|Pack and Go|паковатлаш
упаковывать|pack|паковатлаш
упорядочить значки|Arrange Icons|тамгам радамлаш
упорядочить, перестроить|rearrange|радамлаш
упорядочить, расположить|arrange|радамлаш
Управление|Manage|виктарымаш
управление файлами|file management|файл-влакым виктарымаш
управление файлами|file management|файл-влакым виктарымаш
управляющая кнопка|action button|виктарыше кнопко
уровень|level|кӱкшыт
уровень группировки|group level|тӱшкалымаш кӱкшыт
усеченный|truncated|пӱчмӧ
Условие|Condition|йӧн
условие на значение, правило проверки на значение|validation rule|йӧрымым тергыме правил
условия|criteria|Йӧн-влак
Условия поиска|search criteria|кычалме йӧн
предварительное подтверждение|tentative confirmation|ончылтен пеҥгыдемдымаш
предварительное подтверждение|tentative confirmation|ончылтен пеҥгыдемдымаш
условный|conditional|условный
устанавливать|install|шындаш
Подстроить|Adjust to|келыштараш
установить|Set|шындаш
Установить пароль|Set password|шолыпмутым шындаш
установить подключение удаленного доступа|dial up|кораҥдыме доступым ушаш
установить флажок|select a check box|тистым шындаш
установить флажок; флажок|flag|тистым шындаш, тисте
установка|installation|шындымаш
Установка Windows|Windows Setup|Windows-ым шындымаш
установка администратором|administrator setup|виктарышын шындымыже
установка администратором сети|network administrator installation|вот виктарышын шындымыже
установка, настройка|setup|шындымаш, келыштарымаш
установочный диск|installation disk|Шындыме диск
установочный диск|setup disk|шындыме диск
устранение неполадок|troubleshooting|экшыкым кораҥдымаш
устранять неполадку|Troubleshoot|экшыкым кораҥдаш
устранить ошибки|fix|йоҥылышым тӧрлаташ
устройство|device|йӧндартыш
участник, посетитель|Attendee|толшо
Он-лайн учебник|Web Tutorial|Интернет тунемме книга
учетная запись|Account|шотыш налме возыш
учетная запись в сети Интернет|Internet account|шотыш налме возыш
учетная запись пользователя|user account|пайдаланышын шотыш налме возышыжо
учетная запись электронной почты|e-mail account|Электрон почтын шотыш налме возышыжо
файл|File|файл
"файл ""cookie"""|cookie|"""cookie"" файл"
файл HTML|HTML file|HTML файл
файл README|README file|README файл
файл архива, архивный файл|backup file|оссер файл
файл данных|data file|Данный-влак файл
файл журнала|log file|журнал файл
файл назначения, конечный файл|destination file|шындыме файл, мучаш файл
файл настройки, файл .INI|initialization file|келыштарымаш файл, INI файл
файл подписи|signature file|кидпале файл
файл рабочей группы|workgroup information file|паша тӱшка файл
файл справки|Help File|полыш файл
файлы данных|Data Files|данный-влак файл
файлы растров SUN (*.ras)|RAS|SUN (*.ras) растр-влак файл
факс|Fax|факс
фамилия|Last Name|фамилий
фигурные скобки|braces|фигуран скобко
Фильм|movie clip|фильм
фильтр|filter|шокте
флажок|check box|тисте
флажок|checkbox|тисте
флэш-память|flash memory|Флэш-шарнымаш
фокус|focus|фокус
фокус ввода|input focus|пуртымо фокус
фон|Background|фон
форма|form|формо
форма данных|data form|Данный-влак формо
формат .AVI|AVI|AVI формат
отправить HTML|Send HTML|HTML  колташ
Формат абзаца|paragraph formatting|абзац формат
формат бумаги|paper format|кагаз формат
формат времени|hour format|жап формат
формат времени|Time format|жап формат
формат даты|date format|дате формат
формат знака|character format|тамга формат
формат текста|text formatting|текст формат
формат файла|file format|файл формат
формат ячеек|Format Cells|сото формат
формат, форматирование|Formatting|формат, форматироватлымаш
форматирование документа|document formatting|документым форматироватлымаш
форматированный текст|Formatted text|текстым форматироватлымаш
форматировать|Format|форматироватлаш
форматировать|Format|форматироватлаш
формула|formula|формул
формы|Forms|формо
Фотоальбом|photo album|фотоальбом
функциональная клавиша|function key|функций полдыш
функция|function|функций
хирагана|Hiragana|хирагана
хранить как|File as|... семын аралаш
цвет|Color|тӱс
цвет границы|border color|Чек тӱс
цвет заливки|Fill color|чиялтыме тӱс
Цвет линии|Line color|корно тӱс
цвет фона|background color|фон тӱс
цвет шрифта|font color|шрифт тӱс
цвета|Colors|тӱс-влак
цветной монитор|color monitor|тӱсан монитор
цветной принтер|color printer|тӱсан принтер
целое число|integer|тичмаш числа
целостность|integrity|тичмашлык
цилиндр|cylinder|кышкар
цифра|digit|цифр
цифровая клавиатура|numeric keypad|цифран полдышоҥа
цифровая панель|GUID|цифран оҥа
цифровая подпись|digital signature|цифран кидпале
цифровой|Digital|чотан
Часовой пояс|time zone|шагат ӱштӧ
частота|frequency|чӱчкыдылык
часы|clock|шагат
черно-белый|black-and-white|шеме-ошо
черновик|draft|черновик
черный|black|шеме
черточка|hyphen|кореш
четность|parity|мужыранлык
число знаков после запятой|decimal place|дробь ужашын тамга чотшо
члены, участники|Members|Ушнышо-влак
Что искать:, Найти:|Find what|мом кычалаш, муаш
Что это такое?|What's this?|тиде мо тыгай?
шаблон|template|калып
шаблон оформления|design template|сылнештарыме калып 
Шаг|Step|ошкыл
Шаг с заходом|Step In|пурымо ошкыл
ширина|Width|лопкыт
ширина столбца|Column Width|меҥге лопкыт
шифрование|encryption|шифроватлымаш
шифровать|Encrypt|шифроватлаш
шлюз|gateway|шлюз
шрифт|font|шрифт
шрифт TrueType|TrueType font|TrueType шрифт
шрифт знака|character font|тамга шрифт
шрифт с постоянным шагом|non-proportional font|келыштаралтдыме шрифт
штамп времени|time stamp|жап штамп
штрих-код|bar code|штрих-код
штриховой|Dashed|штрихан
щелкнуть (что-либо)|click|(мом-гынат) темдалаш
щелкнуть (что-либо) правой кнопкой мыши|click the right mouse button|колян пурла кнопкыж дене (мом-гынат) темдалаш
щелнуть один раз|single-click|ик гана темдалаш
щелчок мыши|mouse click|коля темдалмаш
экземпляр|instance|экземпляр
экран|screen|экран
Экранная лупа|Magnifier|экран лупа
экспорт|export|экспорт
электронная почта|electronic mail|электрон почто
электронная почта|e-mail|электрон почто
элемент|element|элемент
элемент|Item|элемент
элемент автотекста|AutoText entry|шкетекст элемент
элемент меню|menu item|меню элемент
элемент управления|control item|виктарыме элемент
элемент управления ActiveX|ActiveX control|ActiveX виктарыме элемент
элемент управления формы|form control|формо виктарыме элемент
элементы управления|Controls|виктарыме элемент-влак
эмблема|logo|сын тамга
эскиз|thumbnail|сӱрет негыз
эта папка|This Folder|тиде папке
это поле|This field|тиде алан
эффект|Effect|эффект
Юникод|Unicode|юникод
язык|language|йылме
язык|locale|йылме
язык HTML|HTML|HTML йылме
яркий|Bright|яргата
яркость|brightness|яргаталык
Яркость|Lum|яргаталык
ярлык|shortcut|ярлык
ячейка (таблицы), сота (в контексте мобильной связи)|Cell|сото(таблицын), сото шинча
ячейка таблицы|table cell|сото(таблицын) 
ударение|accent|пералтыш
острое ударение|accent acute|тура пералтыш
циркумфлекс (крышечка)|accent circumflex|циркумфлекс (леведыш гай)
слабое ударение|accent grave|лушкыдо пералтыш
автоматическая ссылка|automatic link|шке кыл
общие файлы|Common Files|чумыр файл
разработчики содержимого|content developers|мо улшым ыштыше-влак
авторские права|Copyright|автор права 
критерий|criterion|критерий
кроссплатформенные шрифты|cross platform fonts|кроссплатформо шрифт
штамп даты|date stamping|дате штамп
жёсткий диск|hard disk|пеҥгыде диск
выбор по иерархии|hierarchical selection|кӱкшыт дене ойырымаш
зайти в..|look in..|… пураш
ссылка,обновляемая вручную|manual link|ссылке, кид дене уэмдыме
главная запись|master record|тӱҥ возыш
многопользовательская среда|multi-user environment|шукын пайдаланыме йырвел
схема организационной структуры|organization chart|организоватлымаш структур
выбор региона|region selection|кундемым ойырымаш
клик правой (кнопкой)|right click|пурла (кнопко дене) темдалмаш
всплывающая подсказка|screen tips|лекше каҥаш
Магазины|Stores|кевыт-влак
Заменитель|substitute|алмаштыше
Планшетный ПК|Tablet PC|ПК планшет
перенос слов|word-wrap|вес корныш куснымаш
